developer,cluster,archetype,dbscan_outlier,commits,prs_opened,prs_merged,reviews_given,issues_opened,issues_closed,active_hours
9EOR9,0,Silent Stalker,False,0.0,1.0,0.0,0.0,0.0,0.0,1.0
AMRUTH-ASHOK,0,Silent Stalker,False,0.0,1.0,0.0,1.0,0.0,0.0,1.0
Aakcht,0,Silent Stalker,False,0.0,1.0,0.0,0.0,0.0,0.0,1.0
Abhigyan-Shekhar,0,Silent Stalker,False,0.0,0.0,0.0,1.5,0.0,0.0,1.5
Abhiii47,0,Silent Stalker,False,0.0,1.0,0.0,0.0,0.0,0.0,1.0
AbhishekChaudharii,0,Silent Stalker,False,0.0,1.0,0.0,0.0,0.0,0.0,1.0
Abhishekmishra2808,0,Silent Stalker,False,0.0,1.0,0.0,0.0,0.0,0.0,1.0
Aditi102005,0,Silent Stalker,False,0.0,0.0,0.0,1.0,0.0,0.0,1.0
Ajay9704,0,Silent Stalker,False,0.0,0.3333333333333333,0.0,0.6666666666666666,0.0,0.0,1.0
Alok-kumar-priyadarshi,0,Silent Stalker,False,0.0,1.0,0.0,0.0,0.0,0.0,1.0
AngersZhuuuu,0,Silent Stalker,False,0.0,0.0,0.0,1.0,0.0,0.0,1.0
Anjums4266,0,Silent Stalker,False,0.0,0.0,0.0,0.0,1.0,0.0,1.0
Ankurdeewan,0,Silent Stalker,False,0.0,0.0,0.0,2.0,0.0,0.0,1.0
Argh4k,0,Silent Stalker,False,0.0,0.0,0.0,1.5,0.0,0.0,1.25
ArthurSens,0,Silent Stalker,False,0.42857142857142855,0.0,0.0,0.5714285714285714,0.0,0.0,1.0
Arunodoy18,0,Silent Stalker,False,0.0,1.1111111111111112,0.0,0.2222222222222222,0.0,0.0,1.3333333333333333
AutomationDev85,0,Silent Stalker,False,0.0,0.5,0.0,0.5,0.0,0.0,1.0
AutuSnow,0,Silent Stalker,False,0.0,0.6363636363636364,0.0,0.9090909090909091,0.0,0.0,1.2727272727272727
AveryQi115,0,Silent Stalker,False,0.0,0.0,0.0,1.0,0.0,0.0,1.0
BasPH,0,Silent Stalker,False,0.3333333333333333,0.0,0.0,0.3333333333333333,0.3333333333333333,0.0,1.0
BenTheElder,0,Silent Stalker,False,0.0,0.25,0.0,1.5,0.25,0.0,1.375
Blooming-Tree,0,Silent Stalker,False,0.0,0.0,0.0,0.0,1.8,0.0,1.2
BruinGrowly,0,Silent Stalker,False,0.0,0.0,0.0,0.0,0.0,0.0,1.0
Bucky789,0,Silent Stalker,False,0.0,1.0,0.0,0.0,0.0,0.0,1.0
CLBRITTON2,0,Silent Stalker,False,0.0,0.0,0.0,1.3333333333333333,0.0,0.0,1.0
Caesarsage,0,Silent Stalker,False,0.0,0.0,0.0,2.0,0.0,0.0,1.0
Chais,0,Silent Stalker,False,0.0,0.0,0.0,1.0,0.0,0.0,1.0
Choraden,0,Silent Stalker,False,0.0,1.0,0.0,0.0,0.0,0.0,1.0
Chunxia202410,0,Silent Stalker,False,0.0,0.0,0.0,1.0,0.0,0.0,1.0
Copilot,0,Silent Stalker,False,0.0,0.0625,0.0,1.875,0.0,0.0,1.125
Crowiant,0,Silent Stalker,False,0.0,0.0,0.0,3.0,0.0,0.0,1.0
DEVMANISHOFFL,0,Silent Stalker,False,0.0,0.5,0.0,0.5,0.0,0.0,1.0
DamianSawicki,0,Silent Stalker,False,0.0,0.0,0.0,1.0,0.0,0.0,1.0
DarshanCode2005,0,Silent Stalker,False,0.0,0.0,0.0,1.0,0.0,0.0,1.0
DataCerealz,0,Silent Stalker,False,0.0,0.0,0.0,0.0,1.0,0.0,1.0
Dev-iL,0,Silent Stalker,False,0.0,0.3333333333333333,0.0,1.1666666666666667,0.08333333333333333,0.0,1.5
Devguru-codes,0,Silent Stalker,False,0.0,1.0,0.0,0.0,0.0,0.0,1.0
DjVinnii,0,Silent Stalker,False,0.0,1.0,0.0,0.0,0.0,0.0,1.0
Fokko,0,Silent Stalker,False,0.0,0.0,0.0,2.0,0.0,0.0,1.0
Fury0508,0,Silent Stalker,False,0.0,1.0,0.0,0.0,0.0,0.0,1.0
GaneshPatil7517,0,Silent Stalker,False,0.0,1.0,0.0,0.0,0.0,0.0,1.0
Goend,0,Silent Stalker,False,0.0,0.3333333333333333,0.0,1.3333333333333333,0.0,0.0,1.0
Gourav2580,0,Silent Stalker,False,0.0,1.0,0.0,0.0,0.0,0.0,1.0
HARDIK-WEB-OSS,0,Silent Stalker,False,0.0,0.5,0.0,0.5,0.0,0.0,1.0
HarshalNeelkamal,0,Silent Stalker,False,0.0,0.0,0.0,1.0,0.0,0.0,1.0
HeartSaVioR,0,Silent Stalker,False,0.6666666666666666,0.16666666666666666,0.0,1.1666666666666667,0.0,0.0,1.3333333333333333
Hesara2003,0,Silent Stalker,False,0.0,1.0,0.0,0.0,0.0,0.0,1.0
Himadryy,0,Silent Stalker,False,0.0,2.0,0.0,0.0,0.0,0.0,1.0
HirazawaUi,0,Silent Stalker,False,0.0,0.14285714285714285,0.0,1.1428571428571428,0.07142857142857142,0.0,1.2857142857142858
HyukjinKwon,0,Silent Stalker,False,1.2916666666666667,0.08333333333333333,0.0,2.4583333333333335,0.0,0.0,2.2083333333333335
HyunWooZZ,0,Silent Stalker,False,0.0,1.0,0.0,2.0,0.0,0.0,2.0
IBUMBLEBEE,0,Silent Stalker,False,0.0,0.0,0.0,0.0,0.0,0.0,1.0
Ignoramuss,0,Silent Stalker,False,0.0,1.0,0.0,0.5,0.0,0.0,1.0
JaeguKim,0,Silent Stalker,False,0.0,1.0,0.0,0.0,0.0,0.0,1.0
Jasminekaur2005,0,Silent Stalker,False,0.0,1.0,0.0,0.0,0.0,0.0,1.0
Jeevankumar-s,0,Silent Stalker,False,0.0,0.0,0.0,1.0,0.0,0.0,1.0
Jefftree,0,Silent Stalker,False,0.0,0.2,0.0,1.4,0.0,0.0,1.4
Jgprog117,0,Silent Stalker,False,0.0,1.0,0.0,0.0,0.0,0.0,1.0
Jkhall81,0,Silent Stalker,False,0.0,0.5,0.0,0.5,0.0,0.0,1.0
JoelSpeed,0,Silent Stalker,False,0.0,0.0,0.0,3.0,0.0,0.0,2.0
Jpsassine,0,Silent Stalker,False,0.0,0.0,0.0,1.0,0.0,0.0,1.0
KL-2300032590,0,Silent Stalker,False,0.0,0.5,0.0,0.5,0.0,0.0,1.0
Kamran-imaz,0,Silent Stalker,False,0.0,0.25,0.0,0.75,0.0,0.0,1.0
KamranImaaz,0,Silent Stalker,False,0.0,0.4,0.0,0.8,0.2,0.0,1.2
Karthik-K-N,0,Silent Stalker,False,0.0,0.0,0.0,1.25,0.0,0.0,1.0
Karthik016996148,0,Silent Stalker,False,0.0,0.0,0.0,1.0,0.0,0.0,1.0
KevinTMtz,0,Silent Stalker,False,0.0,0.0,0.0,1.5,0.0,0.0,1.5
Kevinjoeharris,0,Silent Stalker,False,0.0,0.0,0.0,0.0,0.0,0.0,1.0
KimTaehee,0,Silent Stalker,False,0.0,0.0,0.0,0.0,1.0,0.0,1.0
KnightGOKU,0,Silent Stalker,False,0.0,0.0,0.0,0.0,0.6666666666666666,0.3333333333333333,1.0
KunWuLuan,0,Silent Stalker,False,0.0,0.2,0.0,1.4,0.2,0.0,1.2
KyeongJooni,0,Silent Stalker,False,0.0,0.0,0.0,1.0,0.0,0.0,1.0
KyungHwanKim-devs,0,Silent Stalker,False,0.0,1.0,0.0,0.0,0.0,0.0,1.0
Lee-W,0,Silent Stalker,False,0.5833333333333334,0.3333333333333333,0.0,1.1666666666666667,0.125,0.3333333333333333,1.8333333333333333
LiSsHhUuAaIi,0,Silent Stalker,False,0.0,0.0,0.0,0.0,1.0,0.0,1.0
LinzerToertchen,0,Silent Stalker,False,0.0,0.0,0.0,0.0,1.0,0.0,1.0
LoginovIlia,0,Silent Stalker,False,0.0,0.25,0.0,0.75,0.25,0.0,1.25
Lohith625,0,Silent Stalker,False,0.0,1.0,0.0,0.0,0.0,0.0,1.0
LuciferYang,0,Silent Stalker,False,0.5882352941176471,0.6470588235294118,0.0,1.1176470588235294,0.0,0.0,1.9411764705882353
MERT-CKR,0,Silent Stalker,False,0.0,0.0,0.0,1.0,0.0,0.0,1.0
MadLittleMods,0,Silent Stalker,False,0.0,1.0,0.0,1.0,0.0,0.0,2.0
MaksYermak,0,Silent Stalker,False,0.0,0.25,0.0,0.75,0.0,0.0,1.0
ManthanNimodiya,0,Silent Stalker,False,0.0,1.0,0.0,0.0,0.0,0.0,1.0
MikeZappa87,0,Silent Stalker,False,0.0,0.0,0.0,0.0,1.0,0.0,1.0
Miretpl,0,Silent Stalker,False,0.0,0.75,0.0,1.0,0.0,0.0,1.375
MohammedMutee,0,Silent Stalker,False,0.0,1.0,0.0,0.0,0.0,0.0,1.0
MohammedSaalif,0,Silent Stalker,False,0.0,1.0,0.0,0.0,0.0,0.0,1.0
MonkeyCanCode,0,Silent Stalker,False,0.0,0.0,0.0,1.0,0.0,0.0,1.0
NAM-MAN,0,Silent Stalker,False,0.0,1.0,0.0,0.0,0.0,0.0,1.0
NahumLitvin,0,Silent Stalker,False,0.0,1.0,0.0,0.0,0.0,0.0,1.0
Nataneljpwd,0,Silent Stalker,False,0.0,0.3333333333333333,0.0,1.5,0.0,0.0,1.3333333333333333
Naveed8951,0,Silent Stalker,False,0.0,1.0,0.0,0.0,0.0,0.0,1.0
NewSmoke38,0,Silent Stalker,False,0.0,2.0,0.0,0.0,0.0,0.0,2.0
Nexucis,0,Silent Stalker,False,0.3333333333333333,0.0,0.0,0.6666666666666666,0.0,0.0,1.0
Ngone51,0,Silent Stalker,False,0.375,0.25,0.0,0.5,0.0,0.0,1.125
Okabe-Junya,0,Silent Stalker,False,0.0,0.5,0.0,0.0,0.5,0.0,1.0
OscarCarPu,0,Silent Stalker,False,0.0,1.0,0.0,0.0,0.0,0.0,1.0
OscarLigthart,0,Silent Stalker,False,0.0,0.0,0.0,1.0,0.0,0.0,1.0
Overdarejieun,0,Silent Stalker,False,0.0,0.0,0.0,0.0,1.0,0.0,1.0
PM-Santos,0,Silent Stalker,False,0.0,0.0,0.0,0.0,1.0,0.0,1.0
Peac36,0,Silent Stalker,False,0.0,0.0,0.0,2.0,0.0,0.0,1.0
Pedro-Sant0s,0,Silent Stalker,False,0.0,0.0,0.0,0.0,1.0,0.0,1.0
Pei-Cheng-Yu,0,Silent Stalker,False,0.0,0.5,0.0,0.5,0.0,0.0,1.0
PhantomInTheWire,0,Silent Stalker,False,0.0,1.0,0.0,0.0,0.0,0.0,1.0
Phaow,0,Silent Stalker,False,0.0,0.0,0.0,1.0,0.0,0.0,1.0
Pnkcaht,0,Silent Stalker,False,0.0,1.0,0.0,0.0,0.0,0.0,1.0
Prab-27,0,Silent Stalker,False,0.0,0.3,0.0,1.4,0.0,0.0,1.5
Prajyot-Parab,0,Silent Stalker,False,0.0,0.0,0.0,0.0,2.0,0.0,1.5
ProCoder1199X,0,Silent Stalker,False,0.0,1.0,0.0,0.0,0.0,0.0,1.0
PurpleSquirrelMedia,0,Silent Stalker,False,0.0,0.0,0.0,0.0,1.0,0.0,1.0
Pyasma,0,Silent Stalker,False,0.0,1.0,0.0,0.0,0.0,0.0,1.0
RNHTTR,0,Silent Stalker,False,0.0,0.0,0.0,1.0,0.0,0.0,1.0
RafiB982,0,Silent Stalker,False,0.0,1.0,0.0,0.0,0.0,0.0,1.0
RaghunathVeerasamy,0,Silent Stalker,False,0.0,1.0,0.0,0.0,0.0,0.0,1.0
Rahulrairai59,0,Silent Stalker,False,0.0,1.0,0.0,0.0,0.0,0.0,1.0
RaphSku,0,Silent Stalker,False,0.0,0.0,0.0,1.0,0.0,0.0,1.0
RavinduWeerakoon,0,Silent Stalker,False,0.0,0.0,0.0,1.0,0.0,0.0,1.0
RomanBednar,0,Silent Stalker,False,0.0,1.0,0.0,0.0,0.0,0.0,1.0
SHIVIKA330,0,Silent Stalker,False,0.0,0.6666666666666666,0.0,0.0,0.0,0.0,1.0
SShaheerRizvi,0,Silent Stalker,False,0.0,1.0,0.0,0.0,0.0,0.0,1.0
Saadmadni84,0,Silent Stalker,False,0.0,0.3333333333333333,0.0,0.6666666666666666,0.0,0.0,1.0
Sahil-4555,0,Silent Stalker,False,0.0,1.0,0.0,0.0,0.0,0.0,1.0
SameerMesiah97,0,Silent Stalker,False,0.0,0.5454545454545454,0.0,0.6363636363636364,0.18181818181818182,0.0,1.1818181818181819
SataQiu,0,Silent Stalker,False,0.0,0.0,0.0,1.5,0.0,0.0,1.0
SavicStefan,0,Silent Stalker,False,0.0,0.5,0.0,0.5,0.0,0.0,1.0
SergeyKanzhelev,0,Silent Stalker,False,0.0,0.08333333333333333,0.0,2.0833333333333335,0.0,0.0,1.4166666666666667
ShaanveerS,0,Silent Stalker,False,0.0,0.0,0.0,1.0,0.0,0.0,1.0
Shally-Katariya,0,Silent Stalker,False,0.0,0.0,0.0,1.0,0.0,0.0,1.0
Shekharrajak,0,Silent Stalker,False,0.0,0.3333333333333333,0.0,0.6666666666666666,0.0,0.0,1.0
Shivampal157,0,Silent Stalker,False,0.0,1.0,0.0,0.0,0.0,0.0,1.0
Shrivadhu,0,Silent Stalker,False,0.0,1.0,0.0,0.0,0.0,0.0,1.0
Shrushti72,0,Silent Stalker,False,0.0,2.0,0.0,0.0,0.0,0.0,2.0
Srabasti,0,Silent Stalker,False,0.0,0.3333333333333333,0.0,1.5833333333333333,0.0,0.0,1.5
Steexyz,0,Silent Stalker,False,0.0,0.0,0.0,0.0,1.0,0.0,1.0
Steffo99,0,Silent Stalker,False,0.0,0.0,0.0,0.0,1.0,0.0,1.0
Subham-KRLX,0,Silent Stalker,False,0.0,0.75,0.0,0.0,0.0,0.0,1.0
SuperQ,0,Silent Stalker,False,1.8571428571428572,0.8571428571428571,0.0,0.8571428571428571,0.14285714285714285,0.2857142857142857,2.2857142857142856
Tanner-Gladson,0,Silent Stalker,False,0.0,0.0,0.0,2.0,0.0,0.0,1.0
TatianaSelezneva,0,Silent Stalker,False,0.0,0.0,0.0,0.0,1.0,0.0,1.0
Thrsu,0,Silent Stalker,False,0.0,0.0,0.0,0.0,1.0,0.0,1.0
Trouptuluptu,0,Silent Stalker,False,0.0,0.0,0.0,4.0,0.0,0.0,1.0
VSak13,0,Silent Stalker,False,0.0,0.0,0.0,0.0,1.0,0.0,1.0
Vamsi-klu,0,Silent Stalker,False,0.0,0.5,0.0,0.5,0.0,0.0,1.0
VarshaUN,0,Silent Stalker,False,0.0,1.0,0.0,0.0,0.0,0.0,1.0
VedantMadane,0,Silent Stalker,False,0.0,0.0,0.0,1.0,0.0,0.0,1.0
Verolop,0,Silent Stalker,False,0.0,0.0,0.0,2.25,0.0,0.0,1.375
VladaZakharova,0,Silent Stalker,False,0.0,0.0,0.0,1.0,0.0,0.0,1.0
WHOIM1205,0,Silent Stalker,False,0.0,1.0,0.0,0.0,0.0,0.0,1.0
Wang-Kai,0,Silent Stalker,False,0.0,0.0,0.0,0.0,1.0,0.0,1.0
XPE-7,0,Silent Stalker,False,0.0,1.0,0.0,0.0,0.0,0.0,1.0
XiaoHuaOvo-tech,0,Silent Stalker,False,0.0,0.0,0.0,0.0,0.5,0.5,1.0
Yicong-Huang,0,Silent Stalker,False,0.0,0.8666666666666667,0.0,1.2666666666666666,0.0,0.0,1.7333333333333334
Yuvraj02,0,Silent Stalker,False,0.0,0.0,0.0,1.25,0.0,0.0,1.25
aalpar,0,Silent Stalker,False,0.0,1.0,0.0,0.0,0.0,0.0,1.0
aaron-congo,0,Silent Stalker,False,0.0,1.0,0.0,0.0,0.0,0.0,1.0
aaron-prindle,0,Silent Stalker,False,0.0,0.16666666666666666,0.0,2.0,0.0,0.0,1.5
aatia-commits,0,Silent Stalker,False,0.0,0.0,0.0,1.0,0.0,0.0,1.0
abel-von,0,Silent Stalker,False,0.0,0.3333333333333333,0.0,1.3333333333333333,0.0,0.0,1.6666666666666667
abhijeets25012-tech,0,Silent Stalker,False,0.0,0.6666666666666666,0.0,0.3333333333333333,0.0,0.0,1.0
abolshov,0,Silent Stalker,False,0.0,1.0,0.0,0.0,0.0,0.0,1.0
achaosss,0,Silent Stalker,False,0.0,1.0,0.0,0.0,0.0,0.0,1.0
addyess,0,Silent Stalker,False,0.0,0.0,0.0,0.0,1.0,0.0,1.0
adilGhaffarDev,0,Silent Stalker,False,0.0,0.0,0.0,0.0,1.0,0.0,1.0
adityasharmawork,0,Silent Stalker,False,0.0,0.5,0.0,0.5,0.0,0.0,1.0
adobe-ddavidso,0,Silent Stalker,False,0.0,1.0,0.0,0.0,0.0,0.0,1.0
adrianmoisey,0,Silent Stalker,False,0.0,0.0,0.0,1.0,0.0,0.0,1.0
adrianreber,0,Silent Stalker,False,0.0,0.0,0.0,2.0,0.0,0.0,2.0
aerosouund,0,Silent Stalker,False,0.0,0.0,0.0,1.0,0.0,0.0,1.0
aeroyorch,0,Silent Stalker,False,0.0,1.0,0.0,0.0,0.0,0.0,1.0
ahrtr,0,Silent Stalker,False,0.0,0.0,0.0,1.0,0.0,0.0,1.0
ahshahid,0,Silent Stalker,False,0.0,0.6666666666666666,0.0,0.3333333333333333,0.0,0.0,1.0
ajaysundark,0,Silent Stalker,False,0.0,0.0,0.0,1.0,0.0,0.0,1.0
aknuds1,0,Silent Stalker,False,1.05,0.5,0.0,1.7,0.1,0.05,1.9
allisonwang-db,0,Silent Stalker,False,0.0,0.0,0.0,1.7272727272727273,0.0,0.0,1.3636363636363635
aman4433,0,Silent Stalker,False,0.0,1.0,0.0,0.0,1.0,0.0,1.0
amanmishra7ave,0,Silent Stalker,False,0.0,1.0,0.0,0.0,0.0,0.0,1.0
amigo-nishant,0,Silent Stalker,False,0.0,0.0,0.0,1.0,0.5,0.0,1.5
aminshahid573,0,Silent Stalker,False,0.0,1.0,0.0,0.0,0.0,0.0,1.0
amoghrajesh,0,Silent Stalker,False,0.8214285714285714,0.42857142857142855,0.0,3.357142857142857,0.07142857142857142,0.10714285714285714,3.0357142857142856
anavrotski,0,Silent Stalker,False,0.0,0.0,0.0,0.0,1.0,0.0,1.0
anchovYu,0,Silent Stalker,False,0.0,1.0,0.0,0.0,0.0,0.0,1.0
anderson-fachini,0,Silent Stalker,False,0.0,0.0,0.0,0.0,1.0,0.0,1.0
andrew749,0,Silent Stalker,False,0.0,1.0,0.0,0.0,0.0,0.0,1.0
ania-borowiec,0,Silent Stalker,False,0.0,0.0,0.0,1.6666666666666667,0.0,0.0,1.3333333333333333
anishgirianish,0,Silent Stalker,False,0.0,1.0,0.0,0.3333333333333333,0.0,0.0,1.3333333333333333
anishshri-db,0,Silent Stalker,False,0.5333333333333333,0.0,0.0,1.3333333333333333,0.0,0.0,1.3333333333333333
ankit98040,0,Silent Stalker,False,0.0,1.0,0.0,0.0,0.0,0.0,1.0
anrajago,0,Silent Stalker,False,0.0,0.0,0.0,2.0,0.0,0.0,1.0
anshuksi282-ksolves,0,Silent Stalker,False,0.0,0.0,0.0,1.0,0.0,0.0,1.0
aojea,0,Silent Stalker,False,0.0,0.0,0.0,1.1428571428571428,0.0,0.0,1.1428571428571428
aokolnychyi,0,Silent Stalker,False,0.0,0.0,0.0,1.0,0.0,0.0,1.0
aqaurius6666,0,Silent Stalker,False,0.0,0.0,0.0,0.0,0.0,1.0,1.0
aramase,0,Silent Stalker,False,0.0,0.5,0.0,0.5,0.0,0.0,1.0
aravindmurali22,0,Silent Stalker,True,0.0,0.0,0.0,0.0,0.0,9.0,1.0
archy-rock3t-cloud,0,Silent Stalker,False,0.0,1.0,0.0,0.0,0.0,0.0,1.0
ardaguclu,0,Silent Stalker,False,0.0,0.0,0.0,1.0,0.0,0.0,1.0
aritra24,0,Silent Stalker,False,0.0,0.5,0.0,1.0,0.0,0.0,1.5
arjav1528,0,Silent Stalker,False,0.0,0.75,0.0,0.25,0.0,0.125,1.25
arnoldmr01,0,Silent Stalker,False,0.0,0.5,0.0,0.5,0.0,0.0,1.0
aroradaman,0,Silent Stalker,False,0.0,0.5,0.0,0.5,0.0,0.0,1.0
arorasachin9,0,Silent Stalker,False,0.0,0.5,0.0,0.5,0.0,0.0,1.0
aru-trackunit,0,Silent Stalker,False,0.0,0.0,0.0,0.0,1.0,0.0,1.0
asf-gitbox-commits,0,Silent Stalker,False,1.5,0.0,0.0,0.0,0.0,0.0,1.375
ashb,0,Silent Stalker,False,0.1111111111111111,0.0,0.0,2.3333333333333335,0.0,0.2222222222222222,1.6666666666666667
asl3,0,Silent Stalker,False,0.0,0.5,0.0,1.75,0.0,0.0,2.25
atiratree,0,Silent Stalker,False,0.0,2.0,0.0,0.0,0.0,0.0,2.0
atombrella,0,Silent Stalker,False,0.0,0.75,0.0,0.75,0.0,0.0,1.5
avoidik,0,Silent Stalker,False,0.0,1.0,0.0,0.0,0.0,0.0,1.0
bart0sh,0,Silent Stalker,False,0.0,0.09523809523809523,0.0,2.2857142857142856,0.0,0.0,1.8095238095238095
bboreham,0,Silent Stalker,False,1.5,0.3333333333333333,0.0,2.0,0.0,0.16666666666666666,2.5
bbovenzi,0,Silent Stalker,False,1.75,0.5833333333333334,0.0,1.5,0.0,0.5,2.75
benediktjohannes,0,Silent Stalker,False,0.0,1.0,0.0,0.0,1.0,0.0,1.0
benluddy,0,Silent Stalker,False,0.0,0.0,0.0,1.0,0.0,0.0,1.0
benniofficialdev,0,Silent Stalker,False,0.0,1.0,0.0,0.0,0.0,0.0,1.0
beorn7,0,Silent Stalker,False,1.0,0.0,0.0,1.3333333333333333,0.0,0.0,1.0
berglh,0,Silent Stalker,False,0.0,0.0,0.0,0.0,0.0,1.0,1.0
bhope,0,Silent Stalker,False,0.0,1.25,0.0,0.75,0.0,0.0,1.75
biplavbarua,0,Silent Stalker,True,0.0,4.0,0.0,0.0,0.0,0.0,4.0
bmanan7,0,Silent Stalker,False,0.0,0.0,0.0,0.0,1.0,0.0,1.0
bodhisilberling,0,Silent Stalker,False,0.0,1.0,0.0,0.0,0.0,0.0,1.0
bodhisilberling-2027,0,Silent Stalker,False,0.0,1.0,0.0,0.0,0.0,0.0,1.0
bolkedebruin,0,Silent Stalker,False,1.0,0.0,0.0,1.0,0.0,1.0,1.0
bounlu,0,Silent Stalker,False,0.0,0.0,0.0,0.0,0.0,1.0,1.0
bozhang2820,0,Silent Stalker,False,0.0,1.0,0.0,0.0,0.0,0.0,1.0
brejman,0,Silent Stalker,False,0.0,0.2,0.0,1.2,0.0,0.0,1.4
bripkens,0,Silent Stalker,False,0.0,1.0,0.0,0.0,0.0,0.0,1.0
bugraoz93,0,Silent Stalker,False,0.9444444444444444,0.6111111111111112,0.0,1.5,0.0,0.05555555555555555,2.2222222222222223
bwplotka,0,Silent Stalker,True,3.857142857142857,0.2857142857142857,0.0,2.5,0.07142857142857142,0.07142857142857142,4.071428571428571
calefpaz99-design,0,Silent Stalker,False,0.0,1.0,0.0,0.0,0.0,0.0,1.0
callmepandey,0,Silent Stalker,False,0.0,1.0,0.0,0.0,0.0,0.0,1.0
carlory,0,Silent Stalker,False,0.0,0.5,0.0,0.5,0.0,0.0,1.0
cboumalh,0,Silent Stalker,False,0.0,0.0,0.0,1.8571428571428572,0.0,0.0,1.2857142857142858
chaochn47,0,Silent Stalker,False,0.0,0.5,0.0,0.5,0.0,0.0,1.0
charleskorn,0,Silent Stalker,False,0.0,0.0,0.0,1.0,0.0,0.0,1.0
chen0427ok,0,Silent Stalker,False,0.0,0.0,0.0,1.0,0.0,0.0,1.0
chenhao-db,0,Silent Stalker,False,0.0,0.0,0.0,1.0,0.0,0.0,1.0
chinanuj,0,Silent Stalker,False,0.0,0.0,0.0,1.0,0.0,0.0,1.0
chirodip98,0,Silent Stalker,False,0.0,0.36363636363636365,0.0,1.2727272727272727,0.0,0.0,1.4545454545454546
choo121600,0,Silent Stalker,False,0.42857142857142855,0.14285714285714285,0.0,0.8571428571428571,0.07142857142857142,0.2857142857142857,1.5
chzhj,0,Silent Stalker,False,0.0,0.0,0.0,0.0,1.0,0.0,1.0
cloud-fan,0,Silent Stalker,False,1.76,0.4,0.0,3.36,0.0,0.0,3.24
codesome,0,Silent Stalker,False,0.8333333333333334,0.3333333333333333,0.0,1.0,0.0,0.0,1.3333333333333333
coillteoir,0,Silent Stalker,False,0.0,1.0,0.0,0.0,0.0,0.0,1.0
connorwang,0,Silent Stalker,False,0.0,0.0,0.0,0.0,1.0,0.0,1.0
copybara-service[bot],1,Contributor,True,70.21621621621621,18.83783783783784,0.0,0.02702702702702703,0.0,0.10810810810810811,17.43243243243243
corerole,0,Silent Stalker,False,0.0,0.0,0.0,0.0,1.0,0.0,1.0
cpanato,0,Silent Stalker,False,0.0,1.0,0.0,0.0,0.0,0.0,1.0
cruseakshay,0,Silent Stalker,False,0.0,1.0,0.0,1.5,0.0,0.0,2.5
dabla,0,Silent Stalker,False,0.25,0.3333333333333333,0.0,2.0833333333333335,0.0,0.08333333333333333,1.9166666666666667
danwinship,0,Silent Stalker,False,0.0,0.0,0.0,0.75,0.0,0.25,1.0
darshansreenivas,0,Silent Stalker,False,0.0,0.6,0.0,1.4,0.0,0.0,1.2
darthsuburbus,0,Silent Stalker,False,0.0,1.0,0.0,0.0,0.0,0.0,1.0
dashpole,0,Silent Stalker,False,0.0,0.0,0.0,1.5,0.0,0.0,1.5
daviskgit,0,Silent Stalker,False,0.0,1.0,0.0,0.0,0.0,0.0,1.0
deepak4babu,0,Silent Stalker,False,0.0,0.0,0.0,0.0,2.0,0.0,1.0
dejii,0,Silent Stalker,False,0.0,1.0,0.0,0.0,0.0,0.0,1.0
dependabot[bot],0,Silent Stalker,False,1.5151515151515151,0.7878787878787878,0.0,0.0,0.0,0.0,1.3333333333333333
devin-petersohn,0,Silent Stalker,False,0.0,0.4,0.0,0.6,0.0,0.0,1.0
dheerajturaga,0,Silent Stalker,False,0.4375,0.6875,0.0,0.9375,0.0,0.0,1.6875
dhruvildave235,0,Silent Stalker,False,0.0,0.0,0.0,0.0,1.0,0.0,1.0
dichlorodiphen,0,Silent Stalker,False,0.0,0.0,0.0,2.0,0.0,0.0,1.0
dillitz,0,Silent Stalker,False,0.0,0.5,0.0,0.5,0.0,0.0,1.0
dilshadshaik3031,0,Silent Stalker,False,0.0,1.0,0.0,0.0,0.0,0.0,1.0
dims,0,Silent Stalker,False,0.0,1.0,0.0,0.6428571428571429,0.07142857142857142,0.35714285714285715,1.7857142857142858
dlipovetsky,0,Silent Stalker,False,0.0,1.0,0.0,0.0,0.0,0.0,1.0
dom4ha,0,Silent Stalker,False,0.0,0.0,0.0,1.0,0.0,0.0,1.0
dominikhei,0,Silent Stalker,False,0.0,0.0,0.0,1.0,0.0,0.0,1.0
dondaum,0,Silent Stalker,False,0.0,0.0,0.0,2.0,0.0,0.0,2.0
dongjoon-hyun,0,Silent Stalker,False,0.9473684210526315,0.3684210526315789,0.0,1.5263157894736843,0.0,0.0,2.1052631578947367
dosmanak,0,Silent Stalker,False,0.0,0.0,0.0,0.0,1.0,0.0,1.0
dramis,0,Silent Stalker,False,0.0,0.0,0.0,0.0,0.0,1.0,1.0
drjackild,0,Silent Stalker,False,0.0,0.0,0.0,1.0,0.0,0.0,1.0
droach282,0,Silent Stalker,False,0.0,0.5,0.0,0.5,0.0,0.0,1.0
dstandish,0,Silent Stalker,False,0.2727272727272727,0.09090909090909091,0.0,1.0,0.09090909090909091,0.09090909090909091,1.1818181818181819
dtenedor,0,Silent Stalker,False,0.46153846153846156,0.07692307692307693,0.0,1.6153846153846154,0.0,0.0,1.4615384615384615
dumko2001,0,Silent Stalker,False,0.0,0.0,0.0,1.0,0.0,0.0,1.0
durcioemmanuel-netizen,0,Silent Stalker,False,0.0,0.0,0.0,0.0,1.0,0.0,1.0
dylanwong250,0,Silent Stalker,False,0.0,0.0,0.0,0.0,0.0,0.0,1.0
dym-ok,0,Silent Stalker,False,0.0,1.0,0.0,0.0,0.0,0.0,1.0
ebongzzang,0,Silent Stalker,False,0.0,1.0,0.0,0.0,0.0,0.0,1.0
ecodina,0,Silent Stalker,False,0.0,1.0,0.0,0.0,0.0,0.0,1.0
eddiebkheet,0,Silent Stalker,False,0.0,1.0,0.0,0.0,0.0,0.0,1.0
ehab20011,0,Silent Stalker,False,0.0,0.0,0.0,0.0,1.0,0.0,1.0
eladkal,0,Silent Stalker,False,0.4666666666666667,0.2,0.0,1.0,0.0,0.13333333333333333,1.6
elizhabiboullah,0,Silent Stalker,False,0.0,1.0,0.0,0.0,0.0,0.0,1.0
emin-ozata,0,Silent Stalker,False,0.0,1.0,0.0,0.0,1.0,0.0,2.0
enkigodalien,0,Silent Stalker,False,0.0,1.0,0.0,0.0,0.0,0.0,1.0
ephraimbuddy,0,Silent Stalker,False,2.0,0.5,0.0,1.6875,0.0625,0.0625,3.25
ericm-db,0,Silent Stalker,False,0.0,1.1666666666666667,0.0,0.16666666666666666,0.0,0.0,1.3333333333333333
ermias19,0,Silent Stalker,False,0.0,1.0,0.0,0.0,0.0,0.0,1.0
esotsal,0,Silent Stalker,False,0.0,0.0,0.0,1.3333333333333333,0.0,0.0,1.0
everettraven,0,Silent Stalker,False,0.0,0.0,0.0,1.0,0.0,0.0,1.0
ezhulenev,0,Silent Stalker,False,0.0,1.0,0.0,0.0,0.0,0.0,1.0
fangchenli,0,Silent Stalker,False,0.0,0.5,0.0,0.375,0.0,0.0,1.125
fedimser,0,Silent Stalker,False,0.0,0.2857142857142857,0.0,3.0,0.0,0.0,1.5714285714285714
ferruzzi,0,Silent Stalker,False,0.4,0.2,0.0,1.2,0.0,0.2,1.4
ffromani,0,Silent Stalker,False,0.0,0.2222222222222222,0.0,1.6666666666666667,0.0,0.0,1.2222222222222223
fritz-astronomer,0,Silent Stalker,False,0.0,0.0,0.0,0.0,1.0,0.0,1.0
ftakelait,0,Silent Stalker,False,0.0,1.5,0.0,0.0,0.0,0.0,1.5
fusheng9399,0,Silent Stalker,False,0.0,1.0,0.0,0.0,0.0,0.0,1.0
fzu-huang,0,Silent Stalker,False,0.0,0.0,0.0,0.0,1.0,0.0,1.0
g-dailey,0,Silent Stalker,False,0.0,0.0,0.0,0.0,1.0,0.0,1.0
gagankonana,0,Silent Stalker,False,0.0,0.25,0.0,0.75,0.0,0.0,1.0
gaogaotiantian,0,Silent Stalker,False,0.0,1.2173913043478262,0.0,0.7391304347826086,0.0,0.0,1.7826086956521738
garlandz-db,0,Silent Stalker,False,0.0,0.25,0.0,1.0,0.0,0.0,1.25
gatorsmile,0,Silent Stalker,False,0.0,0.0,0.0,1.0,0.0,0.0,1.0
gauravkghildiyal,0,Silent Stalker,False,0.0,0.0,0.0,1.0,0.0,0.0,1.0
gengliangwang,0,Silent Stalker,False,0.0,0.0,0.0,1.1428571428571428,0.0,0.0,1.1428571428571428
ghouscht,0,Silent Stalker,False,0.0,1.0,0.0,0.0,0.0,0.0,1.0
github-actions[bot],0,Silent Stalker,False,1.3265306122448979,0.6938775510204082,0.0,0.0,0.0,0.24489795918367346,2.183673469387755
github-advanced-security[bot],0,Silent Stalker,False,0.0,0.0,0.0,1.0,0.0,0.0,1.0
goodluxiao-debug,0,Silent Stalker,False,0.0,2.0,0.0,0.0,0.0,0.0,1.0
gooosetavo,0,Silent Stalker,False,0.0,0.0,0.0,0.0,1.0,0.0,1.0
gopidesupavan,0,Silent Stalker,False,0.1111111111111111,0.3333333333333333,0.0,1.0,0.0,0.0,1.1111111111111112
gschuurman,0,Silent Stalker,False,0.0,0.0,0.0,1.0,0.0,0.0,1.0
guan404ming,0,Silent Stalker,False,0.0,0.25,0.0,1.875,0.0,0.125,1.875
guettli,0,Silent Stalker,False,0.0,0.0,0.0,0.0,1.0,0.0,1.0
guquanheng,0,Silent Stalker,False,0.0,0.0,0.0,0.0,1.0,0.0,1.0
gzb1128,0,Silent Stalker,False,0.0,1.0,0.0,0.0,0.0,0.0,1.0
hahahaheihei,0,Silent Stalker,False,0.0,0.0,0.0,1.0,0.0,0.0,1.0
haircommander,0,Silent Stalker,False,0.0,1.0,0.0,1.0,0.0,0.0,2.0
haojiwu,0,Silent Stalker,False,0.0,0.0,0.0,0.0,1.0,0.0,1.0
harche,0,Silent Stalker,False,0.0,0.25,0.0,1.75,0.0,0.0,1.25
harrold-mussa,0,Silent Stalker,False,0.0,0.0,0.0,1.0,0.0,0.0,1.0
hasancatalgol,0,Silent Stalker,False,0.0,0.0,0.0,1.0,0.0,0.0,1.0
haseebmalik18,0,Silent Stalker,False,0.0,0.25,0.0,0.5,0.0,0.0,1.25
helayoty,0,Silent Stalker,False,0.0,0.0,0.0,0.0,0.0,1.0,1.0
henry3260,0,Silent Stalker,False,0.0,0.6470588235294118,0.0,0.7647058823529411,0.058823529411764705,0.0,1.3529411764705883
herb-duan,0,Silent Stalker,False,0.0,0.5,0.0,0.5,0.0,0.0,1.0
heyihong,0,Silent Stalker,False,0.0,0.2222222222222222,0.0,1.1111111111111112,0.0,0.0,1.3333333333333333
hharshhsaini,0,Silent Stalker,False,0.0,0.5,0.0,1.0,0.0,0.0,1.5
hohshho,0,Silent Stalker,False,0.0,0.3333333333333333,0.0,0.6666666666666666,0.0,0.0,1.0
holdenk,0,Silent Stalker,False,0.0,1.0,0.0,1.0,0.0,0.0,1.0
hoteye,0,Silent Stalker,False,0.0,0.2857142857142857,0.0,1.4285714285714286,0.0,0.0,1.5714285714285714
hritz220,0,Silent Stalker,False,0.0,1.0,0.0,0.0,0.0,0.0,1.0
hsmatulis,0,Silent Stalker,False,0.0,0.0,0.0,2.0,0.0,0.0,2.0
huangxiaopingRD,0,Silent Stalker,False,0.0,0.5,0.0,0.5,0.0,0.0,1.0
huaxingao,0,Silent Stalker,False,0.0,0.0,0.0,1.0,0.0,0.0,1.0
hussein-awala,0,Silent Stalker,False,0.0,0.0,0.0,1.0,0.0,0.0,1.0
hvanhovell,0,Silent Stalker,False,0.0,0.0,0.0,2.0,0.0,0.0,2.0
iamvvekverma,0,Silent Stalker,False,0.0,0.5,0.0,0.5,0.0,0.0,1.0
iharsh02,0,Silent Stalker,False,0.0,0.25,0.0,1.25,0.25,0.0,1.5
ilicmarkodb,0,Silent Stalker,False,0.0,0.5,0.0,1.0,0.0,0.0,1.0
ingvagabund,0,Silent Stalker,False,0.0,0.0,0.0,1.0,0.0,0.0,1.0
ingydotnet,0,Silent Stalker,False,0.0,0.0,0.0,1.0,0.0,0.0,1.0
int-smart,0,Silent Stalker,False,0.0,1.0,0.0,0.0,0.0,0.0,1.0
iomarsayed,0,Silent Stalker,False,0.0,0.0,0.0,1.3333333333333333,0.0,0.0,1.0
isker,0,Silent Stalker,False,0.0,0.0,0.0,0.0,1.0,0.0,1.0
itzPranshul,0,Silent Stalker,False,0.0,0.5,0.0,0.5,0.0,0.0,1.0
ivange94,0,Silent Stalker,False,0.0,0.0,0.0,1.0,0.0,0.0,1.0
ivoson,0,Silent Stalker,False,0.0,0.25,0.0,0.75,0.0,0.0,1.0
jaceklaskowski,0,Silent Stalker,False,0.0,1.0,0.0,0.0,0.0,0.0,1.0
jadecodelab,0,Silent Stalker,False,0.0,1.0,0.0,0.0,0.0,0.0,1.0
jaehanbyun,0,Silent Stalker,False,0.0,1.0,0.0,0.0,0.0,0.0,1.0
jan--f,0,Silent Stalker,False,1.0,0.0,0.0,0.0,0.0,0.0,1.0
janetkuo,0,Silent Stalker,False,0.0,0.0,0.0,2.0,0.0,0.0,2.0
jason810496,0,Silent Stalker,False,0.4444444444444444,0.037037037037037035,0.0,2.4814814814814814,0.0,0.14814814814814814,1.9259259259259258
jaymasiwal,0,Silent Stalker,False,0.0,1.0,0.0,0.0,0.0,0.0,1.0
jdavidroberts,0,Silent Stalker,False,0.0,1.0,0.0,0.0,0.0,0.0,1.0
jedcunningham,0,Silent Stalker,False,0.6153846153846154,0.6153846153846154,0.0,1.0,0.0,0.0,1.7692307692307692
jedi201321,0,Silent Stalker,False,0.0,0.0,0.0,0.0,1.0,0.0,1.0
jesusvazquez,0,Silent Stalker,False,0.0,0.0,0.0,1.2,0.0,0.0,1.0
jiren-the-gray,0,Silent Stalker,False,0.0,0.0,0.0,0.0,2.0,0.0,2.0
jjshanks,0,Silent Stalker,False,0.0,0.0,0.0,1.0,0.0,0.0,1.0
jkroepke,0,Silent Stalker,False,0.0,0.0,0.0,1.0,0.0,0.0,1.0
jldc4-ua,0,Silent Stalker,False,0.0,1.0,0.0,0.0,1.0,0.0,1.0
joeyye-work,0,Silent Stalker,False,0.0,0.0,0.0,0.0,0.0,0.0,1.0
johnbelamaric,0,Silent Stalker,False,0.0,0.0,0.0,1.0,0.0,0.0,1.0
jonkerj,0,Silent Stalker,False,0.0,0.0,0.0,0.0,1.0,0.0,1.0
jonmio,0,Silent Stalker,False,0.0,0.0,0.0,1.0,0.0,0.0,1.0
josh-fell,0,Silent Stalker,False,1.0,0.0,0.0,1.0,0.0,0.0,1.0
jpbetz,0,Silent Stalker,False,0.0,0.0,0.0,1.0,0.0,0.0,1.0
jplitza,0,Silent Stalker,False,0.0,0.0,0.0,0.0,1.0,0.0,1.0
jroachgolf84,0,Silent Stalker,False,0.0,1.0,0.0,0.0,0.0,0.0,1.0
jrod9k1,0,Silent Stalker,False,0.0,0.0,0.0,0.0,1.0,0.0,1.0
jsafrane,0,Silent Stalker,False,0.0,1.0,0.0,0.0,0.0,0.0,1.0
jscheffl,0,Silent Stalker,False,1.7567567567567568,0.5405405405405406,0.0,3.7027027027027026,0.0,0.21621621621621623,3.5405405405405403
juliusmh,0,Silent Stalker,False,0.0,0.5,0.0,1.0,0.0,0.0,1.0
juliusv,0,Silent Stalker,False,0.8888888888888888,0.0,0.0,0.3333333333333333,0.0,0.2222222222222222,1.1111111111111112
juliuszsompolski,0,Silent Stalker,False,0.0,0.0,0.0,1.0,0.0,0.0,1.0
junaiddshaukat,0,Silent Stalker,False,0.0,1.0,0.0,0.0,0.0,0.0,1.0
justinpakzad,0,Silent Stalker,False,0.0,1.0,0.0,0.0,0.0,0.0,1.0
justramesh2000,0,Silent Stalker,False,0.0,0.0,0.0,1.0,0.0,0.0,1.0
k8s-ci-robot,0,Silent Stalker,True,4.216216216216216,0.0,0.0,0.0,0.0,1.5945945945945945,4.918918918918919
k8s-publishing-bot,0,Silent Stalker,False,0.0,0.0,0.0,0.0,0.0,1.0,1.0
kacpermuda,0,Silent Stalker,False,0.0,0.5,0.0,0.5,0.0,0.0,1.0
kalel-commits,0,Silent Stalker,False,0.0,1.0,0.0,0.0,0.0,0.0,1.0
kalluripradeep,0,Silent Stalker,False,0.0,0.6666666666666666,0.0,1.0,0.0,0.0,1.3333333333333333
kannon92,0,Silent Stalker,False,0.0,0.14285714285714285,0.0,0.7142857142857143,0.14285714285714285,0.0,1.0
kaxil,0,Silent Stalker,False,0.42105263157894735,0.3157894736842105,0.0,2.473684210526316,0.0,0.10526315789473684,2.0526315789473686
kennangaibel,0,Silent Stalker,False,0.0,1.0,0.0,0.0,0.0,0.0,1.0
kerthcet,0,Silent Stalker,False,0.0,0.0,0.0,1.0,0.0,0.0,1.0
keyurusdadiya,0,Silent Stalker,False,0.0,1.0,0.0,0.0,0.0,0.0,1.0
kfess,0,Silent Stalker,False,0.0,0.5,0.0,0.0,1.0,0.5,1.5
kgeckhart,0,Silent Stalker,False,0.0,0.0,0.0,2.0,0.0,0.0,1.0
kimyoungi99,0,Silent Stalker,False,0.0,0.0,0.0,0.0,1.0,0.0,1.0
kishorek07,0,Silent Stalker,False,0.0,1.0,0.0,0.0,0.0,0.0,1.0
kkkkun,0,Silent Stalker,False,0.0,0.0,0.0,0.5,0.5,0.0,1.0
krajorama,0,Silent Stalker,False,1.0,0.2,0.0,1.1333333333333333,0.0,0.0,1.9333333333333333
krrish175-byte,0,Silent Stalker,False,0.0,1.0,0.0,0.0,0.0,0.0,1.0
ksharlandjiev,0,Silent Stalker,False,0.0,0.5,0.0,0.5,0.0,0.0,1.0
kskrishnavijetha,0,Silent Stalker,False,0.0,0.0,0.0,0.0,1.0,0.0,1.0
kunaljubce,0,Silent Stalker,False,0.0,0.5,0.0,2.5,0.0,0.0,2.0
lalitc375,0,Silent Stalker,False,0.0,0.3125,0.0,2.4375,0.0,0.0,1.75
lance5890,0,Silent Stalker,False,0.0,1.0,0.0,0.0,0.0,0.0,1.0
ldufr,0,Silent Stalker,False,0.0,0.0,0.0,1.0,0.0,0.0,1.0
leandron,0,Silent Stalker,False,1.0,0.0,0.0,1.0,0.0,0.0,1.0
lhutton1,0,Silent Stalker,False,0.0,0.0,0.0,2.0,0.0,0.0,2.0
lifnaja,0,Silent Stalker,False,0.0,0.0,0.0,0.0,1.0,0.0,1.0
liggitt,0,Silent Stalker,False,0.0,0.23076923076923078,0.0,3.3076923076923075,0.0,0.0,2.3846153846153846
lin121291,0,Silent Stalker,False,0.0,1.0,0.0,0.0,0.0,0.0,1.0
linasm,0,Silent Stalker,False,0.0,0.0,0.0,1.0,0.0,0.0,1.0
litesh1998,0,Silent Stalker,False,0.0,0.0,0.0,0.0,1.0,0.0,1.0
liviazhu,0,Silent Stalker,False,0.0,0.0,0.0,1.0,0.0,0.0,1.0
lmktfy,0,Silent Stalker,False,0.0,0.0,0.0,1.6666666666666667,0.0,0.0,1.0
longvu-db,0,Silent Stalker,False,0.0,0.0,0.0,2.0,0.0,0.0,1.5
lukaszwojciechowski,0,Silent Stalker,False,0.0,1.0,0.0,0.0,0.0,0.0,1.0
m8719-github,0,Silent Stalker,False,0.0,1.0,0.0,0.0,0.0,0.0,1.0
machine424,0,Silent Stalker,False,0.0,0.0,0.0,1.0,0.0,0.0,1.0
macsko,0,Silent Stalker,False,0.0,0.1,0.0,1.9,0.0,0.0,1.7
madhavmadupu,0,Silent Stalker,False,0.0,1.0,0.0,0.0,0.0,0.0,1.0
manmathbh,0,Silent Stalker,False,0.0,1.0,0.0,0.0,0.0,0.0,1.0
mansfieldj3,0,Silent Stalker,False,0.0,1.0,0.0,0.0,0.0,0.0,1.0
maree16,0,Silent Stalker,False,0.0,1.0,0.0,0.0,0.0,0.0,1.0
mariafromano-25,0,Silent Stalker,False,0.0,1.0,0.0,0.0,0.0,0.0,1.0
marverix,0,Silent Stalker,False,0.0,0.0,0.0,0.0,1.0,0.0,1.0
matt-gp,0,Silent Stalker,False,0.0,0.5,0.0,0.5,0.0,0.0,1.0
matthyx,0,Silent Stalker,False,0.0,0.0,0.0,1.0,0.0,0.0,1.0
max-rocket-internet,0,Silent Stalker,False,0.0,0.0,0.0,0.0,1.0,0.0,1.0
mengqiy,0,Silent Stalker,False,0.0,0.0,0.0,2.0,0.0,0.0,1.0
michaelasp,0,Silent Stalker,False,0.0,0.21428571428571427,0.0,2.7857142857142856,0.07142857142857142,0.0,1.6428571428571428
micheal-o,0,Silent Stalker,False,0.0,0.0,0.0,1.625,0.0,0.0,1.375
mihailoale-db,0,Silent Stalker,False,0.0,1.0,0.0,0.0,0.0,0.0,1.0
mihailotim-db,0,Silent Stalker,False,0.0,0.0,0.0,1.0,0.0,0.0,1.0
mihaimaruseac,0,Silent Stalker,False,0.11764705882352941,0.0,0.0,3.0,0.0,0.29411764705882354,1.7647058823529411
miland-db,0,Silent Stalker,False,0.0,0.3333333333333333,0.0,1.3333333333333333,0.0,0.0,1.3333333333333333
mimowo,0,Silent Stalker,False,0.0,0.0,0.0,1.0,0.0,0.0,1.0
mkumatag,0,Silent Stalker,False,0.0,0.0,0.0,1.5,0.0,0.0,1.5
mobuchowski,0,Silent Stalker,False,0.25,0.0,0.0,0.75,0.0,0.25,1.0
mohit7705,0,Silent Stalker,False,0.0,0.5,0.0,1.0,0.0,0.0,1.5
monroeclinton,0,Silent Stalker,False,0.0,0.5,0.0,0.5,0.0,0.0,1.0
morshedniaz,0,Silent Stalker,False,0.0,0.0,0.0,0.0,1.0,0.0,1.0
mortent,0,Silent Stalker,False,0.0,0.0,0.0,1.3333333333333333,0.3333333333333333,0.0,1.6666666666666667
mridulm,0,Silent Stalker,False,0.0,0.0,0.0,1.5,0.0,0.0,1.0
mrlimacz,0,Silent Stalker,False,0.0,1.0,0.0,0.0,0.0,0.0,1.0
mrunalp,0,Silent Stalker,False,0.0,0.0,0.0,2.0,0.0,0.0,2.0
msumit,0,Silent Stalker,False,1.0,0.0,0.0,0.0,0.0,0.0,1.0
munnerz,0,Silent Stalker,False,0.0,1.0,0.0,1.0,0.0,0.0,2.0
na12b048,0,Silent Stalker,False,0.0,0.0,0.0,0.0,1.0,0.0,1.0
nailo2c,0,Silent Stalker,False,0.0,0.8333333333333334,0.0,0.16666666666666666,0.0,0.0,1.1666666666666667
natasha41575,0,Silent Stalker,False,0.0,0.0,0.0,1.0,0.0,0.0,1.0
nathadfield,0,Silent Stalker,False,0.0,0.5,0.0,0.25,0.25,0.0,1.0
ndellosa95,0,Silent Stalker,False,0.0,1.0,0.0,0.0,0.0,0.0,1.0
ndixita,0,Silent Stalker,False,0.0,0.0,0.0,1.0,0.0,0.0,1.0
nem0z,0,Silent Stalker,False,0.0,1.0,0.0,0.0,0.0,0.0,1.0
neolit123,0,Silent Stalker,False,0.0,0.2222222222222222,0.0,1.6666666666666667,0.0,0.0,1.5555555555555556
ngopalak-redhat,0,Silent Stalker,False,0.0,0.75,0.0,0.25,0.25,0.0,1.25
nhuantho,0,Silent Stalker,False,0.0,0.3333333333333333,0.0,1.3333333333333333,0.0,0.0,1.3333333333333333
nojnhuh,0,Silent Stalker,False,0.0,0.0,0.0,1.6666666666666667,0.0,0.0,1.0
o-nikolas,0,Silent Stalker,False,0.2,0.2,0.0,1.2,0.0,0.0,1.5
oakey-dev,0,Silent Stalker,False,0.0,0.0,0.0,0.0,1.0,0.0,1.0
oglok,0,Silent Stalker,False,0.0,1.0,0.0,0.0,0.0,0.0,1.0
oilbeater,0,Silent Stalker,False,0.0,0.0,0.0,0.0,0.0,0.0,1.0
omerap12,0,Silent Stalker,False,0.0,0.3333333333333333,0.0,1.3333333333333333,0.0,0.0,1.0
onestn,0,Silent Stalker,False,0.0,0.5,0.0,0.5,0.0,0.0,1.0
p0lyn0mial,0,Silent Stalker,False,0.0,1.0,0.0,0.5,0.0,0.0,1.0
pacevedom,0,Silent Stalker,False,0.0,1.0,0.0,0.0,0.0,0.0,1.0
pacoxu,0,Silent Stalker,False,0.0,0.0,0.0,0.6666666666666666,0.5,0.0,1.0
palnabarun,0,Silent Stalker,False,0.0,1.0,0.0,0.0,0.0,0.0,1.0
pan3793,0,Silent Stalker,False,0.0,0.25,0.0,1.375,0.0,0.0,1.5
pandeykushagra51,0,Silent Stalker,False,0.0,0.0,0.0,1.0,0.0,0.0,1.0
parthchandra,0,Silent Stalker,False,0.0,0.0,0.0,0.0,0.0,0.0,1.0
penpornk,0,Silent Stalker,False,0.0,0.0,0.0,1.0,0.0,0.0,1.0
perebaj,0,Silent Stalker,False,0.0,0.0,0.0,2.0,0.0,0.0,2.0
peter-toth,0,Silent Stalker,False,0.2222222222222222,0.3333333333333333,0.0,0.7777777777777778,0.0,0.0,1.3333333333333333
peterbangert,0,Silent Stalker,False,0.0,0.0,0.0,0.0,1.0,0.0,1.0
petern48,0,Silent Stalker,False,0.0,1.0,0.0,0.0,0.0,0.0,1.0
phanipaladugula,0,Silent Stalker,False,0.0,1.0,0.0,1.0,0.0,0.0,2.0
pierrejeambrun,0,Silent Stalker,False,1.0555555555555556,0.3333333333333333,0.0,1.9444444444444444,0.05555555555555555,0.16666666666666666,2.2222222222222223
pohly,0,Silent Stalker,False,0.0,0.5,0.0,2.933333333333333,0.06666666666666667,0.0,2.7666666666666666
polarathene,0,Silent Stalker,False,0.0,0.0,0.0,1.0,0.0,0.0,1.0
potiuk,0,Silent Stalker,True,3.5625,0.59375,0.0,6.0625,0.46875,0.71875,4.53125
pr00se,0,Silent Stalker,False,0.0,1.0,0.0,0.0,0.0,0.0,1.0
prakashaditya02,0,Silent Stalker,False,0.0,1.0,0.0,0.0,0.0,0.0,1.0
pravk03,0,Silent Stalker,False,0.0,0.0,0.0,2.0,0.0,0.0,1.0
princepereira,0,Silent Stalker,False,0.0,0.6666666666666666,0.0,0.3333333333333333,0.3333333333333333,0.0,1.3333333333333333
psinfinity,0,Silent Stalker,False,0.0,1.0,0.0,0.0,0.0,0.0,1.0
qiliRedHat,0,Silent Stalker,False,0.0,0.0,0.0,0.0,1.0,0.0,1.0
qlong,0,Silent Stalker,False,0.0,0.0,0.0,1.5,0.0,0.0,1.5
quentin-sommer,0,Silent Stalker,False,0.0,1.0,0.0,0.0,1.0,0.0,1.0
rachanadutta,0,Silent Stalker,False,0.0,0.0,0.0,1.0,0.0,0.0,1.0
rahul15-manch,0,Silent Stalker,False,0.0,1.0,0.0,0.0,0.0,0.0,1.0
rainbowxq,0,Silent Stalker,False,0.0,0.0,0.0,1.0,0.0,0.0,1.0
rajadog,0,Silent Stalker,False,0.0,1.0,0.0,0.0,0.0,0.0,1.0
rajibmitra,0,Silent Stalker,False,0.0,0.0,0.0,0.0,1.0,0.0,1.0
ramitkataria,0,Silent Stalker,False,0.0,0.0,0.0,1.0,0.0,0.0,1.0
raphaelauv,0,Silent Stalker,False,0.0,0.5,0.0,0.5,0.0,0.0,1.0
rbizos,0,Silent Stalker,False,0.0,1.0,0.0,0.0,0.0,0.0,1.0
renovate[bot],0,Silent Stalker,False,1.1818181818181819,0.36363636363636365,0.0,0.0,0.0,0.0,1.3636363636363635
rexagod,0,Silent Stalker,False,0.0,0.5,0.0,0.5,0.0,0.0,1.0
richabanker,0,Silent Stalker,False,0.0,0.0,0.0,2.111111111111111,0.4444444444444444,0.0,1.3333333333333333
ricky-chaoju,0,Silent Stalker,False,0.0,0.25,0.0,0.75,0.0,0.0,1.0
rickychen-infinirc,0,Silent Stalker,False,0.0,1.0,0.0,0.0,0.0,0.0,1.0
ripplehang,0,Silent Stalker,False,0.0,0.0,0.0,1.0,0.0,0.0,1.0
robreeves,0,Silent Stalker,False,0.0,0.0,0.0,1.0,0.0,0.0,1.0
rogowski-piotr,0,Silent Stalker,False,0.0,0.3333333333333333,0.0,1.0,0.0,0.0,1.3333333333333333
rohitkbc,0,Silent Stalker,False,0.0,1.0,0.0,0.0,0.0,0.0,1.0
rohitrai94,0,Silent Stalker,False,0.0,1.0,0.0,0.0,0.0,0.0,1.0
roidelapluie,0,Silent Stalker,False,0.46153846153846156,0.23076923076923078,0.0,0.9230769230769231,0.0,0.0,1.3846153846153846
romanbaron,0,Silent Stalker,False,0.0,0.25,0.0,1.25,0.0,0.0,1.25
romsharon98,0,Silent Stalker,False,0.5,0.0,0.0,0.5,0.0,0.0,1.0
ronaldorcampos,0,Silent Stalker,False,0.0,1.0,0.0,0.0,0.0,0.0,1.0
roykoand,0,Silent Stalker,False,0.0,1.0,0.0,0.5,0.0,0.0,1.5
rst0git,0,Silent Stalker,False,0.0,0.0,0.0,2.0,0.0,0.0,1.0
rubimoutlook740-bot,0,Silent Stalker,False,0.0,0.0,0.0,0.0,1.0,0.0,1.0
sahas3,0,Silent Stalker,False,0.0,0.0,0.0,3.0,0.0,0.0,2.0
saifxyzyz,0,Silent Stalker,False,0.0,0.3333333333333333,0.0,1.0,0.0,0.0,1.3333333333333333
saksham-1304,0,Silent Stalker,False,0.0,1.0,0.0,0.0,0.0,0.0,1.0
sanchalitorpe-source,0,Silent Stalker,False,0.0,1.0,0.0,0.0,0.0,0.0,1.0
sanposhiho,0,Silent Stalker,False,0.0,0.0,0.0,2.5,0.0,0.0,1.0
sarth-akvaish,0,Silent Stalker,False,0.0,0.8,0.0,0.2,0.0,0.0,1.0
sarutak,0,Silent Stalker,False,0.6153846153846154,0.23076923076923078,0.0,0.6923076923076923,0.0,0.0,1.4615384615384615
saschagrunert,0,Silent Stalker,False,0.0,0.2,0.0,1.0,0.0,0.0,1.2
saurabhb-dev,0,Silent Stalker,False,0.0,1.0,0.0,0.0,0.0,0.0,1.0
scaliby,0,Silent Stalker,False,0.0,1.0,0.0,0.0,0.0,0.0,1.0
scottme,0,Silent Stalker,False,0.0,2.0,0.0,0.0,0.0,0.0,1.0
seans3,0,Silent Stalker,False,0.0,0.0,0.0,1.0,0.0,0.0,1.0
seekskyworld,0,Silent Stalker,False,0.0,1.0,0.0,0.0,0.0,0.0,1.0
serathius,0,Silent Stalker,False,0.0,0.14285714285714285,0.0,0.5714285714285714,0.42857142857142855,0.0,1.1428571428571428
shahar1,0,Silent Stalker,True,1.380952380952381,0.2857142857142857,0.0,3.5238095238095237,0.047619047619047616,0.8095238095238095,3.3333333333333335
shashbha14,0,Silent Stalker,False,0.0,1.0,0.0,0.0,0.0,0.0,1.0
shawnhuang92,0,Silent Stalker,False,0.0,1.0,0.0,0.0,0.0,0.0,1.0
shivaam,0,Silent Stalker,False,0.0,1.0,0.0,0.0,0.0,0.0,1.0
shivannakarthik,0,Silent Stalker,False,0.0,0.0,0.0,0.5,0.5,0.0,1.0
shreyas-dev,0,Silent Stalker,False,0.0,0.0,0.0,1.5,0.0,0.0,1.0
shubham36deshpande,0,Silent Stalker,False,0.0,0.0,0.0,1.0,0.0,0.0,1.0
shubhamkoti,0,Silent Stalker,False,0.0,1.0,0.0,0.0,0.0,0.0,1.0
shwetha-s-poojary,0,Silent Stalker,False,0.0,1.0,0.0,0.0,0.0,0.0,1.0
siavashs,0,Silent Stalker,False,0.0,0.0,0.0,1.0,0.0,0.0,1.0
simi,0,Silent Stalker,False,0.0,0.5,0.0,0.5,0.0,0.0,1.0
singh1203,0,Silent Stalker,False,0.0,0.0,0.0,1.6666666666666667,0.0,0.0,1.0
sjarus,0,Silent Stalker,False,0.5,0.0,0.0,0.5,0.0,0.0,1.0
sjyangkevin,0,Silent Stalker,False,0.0,0.0,0.0,1.0,0.0,0.0,1.0
skitt,0,Silent Stalker,False,0.0,0.0,0.0,1.0,0.0,0.0,1.0
soltysh,0,Silent Stalker,False,0.0,0.0,0.0,2.25,0.0,0.0,1.5
sonikaarora,0,Silent Stalker,False,0.0,0.5,0.0,0.0,0.0,0.0,1.0
sorindumitru,0,Silent Stalker,False,0.0,0.0,0.0,0.0,1.0,0.0,1.0
srielau,0,Silent Stalker,False,0.0,0.2727272727272727,0.0,2.0,0.0,0.0,1.6363636363636365
sryza,0,Silent Stalker,False,0.4,0.2,0.0,0.8,0.0,0.0,1.2
ssam18,0,Silent Stalker,False,0.0,1.0,0.0,0.0,0.0,0.0,1.0
sshekhar-04,0,Silent Stalker,False,0.0,1.0,0.0,0.0,0.0,0.0,1.0
stegololz,0,Silent Stalker,False,0.0,0.0,0.0,0.5,0.0,0.0,1.0
stephen-bracken,0,Silent Stalker,False,0.0,0.0,0.0,1.0,0.0,0.0,1.0
steveahnahn,0,Silent Stalker,False,0.0,0.5,0.0,1.0,0.0,0.0,1.5
stlaz,0,Silent Stalker,False,0.0,0.0,0.0,1.0,0.0,0.0,1.0
sttts,0,Silent Stalker,False,0.0,0.0,0.0,1.5,0.0,0.0,1.0
subhammahanty235,0,Silent Stalker,False,0.0,0.5,0.0,0.0,0.0,0.0,1.0
subhash-0000,0,Silent Stalker,False,0.0,1.0,0.0,0.5,0.0,0.0,1.5
suii2210,0,Silent Stalker,False,0.0,0.25,0.0,0.25,0.0,0.0,1.0
sun-9545sunoj,0,Silent Stalker,False,0.0,0.0,0.0,1.0,0.0,0.0,1.0
sunank200,0,Silent Stalker,False,0.0,1.375,0.0,1.625,0.0,0.0,1.75
susheel-aroskar,0,Silent Stalker,False,0.0,0.0,0.0,3.0,0.0,0.0,2.0
sylr,0,Silent Stalker,False,0.0,0.5,0.0,0.5,0.0,0.0,1.0
sysadmind,0,Silent Stalker,False,0.0,0.0,0.0,1.0,0.0,0.0,1.0
szehon-ho,0,Silent Stalker,False,0.0,0.2,0.0,2.0,0.0,0.0,1.5
tallclair,0,Silent Stalker,False,0.0,0.0,0.0,1.0,0.0,0.0,1.0
tangrizzly,0,Silent Stalker,False,0.0,0.5,0.0,1.5,0.0,0.0,2.0
tchap,0,Silent Stalker,False,0.0,1.0,0.0,0.0,0.0,0.0,1.0
techknowlogick,0,Silent Stalker,False,0.0,0.0,0.0,0.0,0.0,0.0,1.0
tensorflow-jenkins,0,Silent Stalker,False,1.0,0.0,0.0,0.0,0.0,0.0,1.0
tenzen-y,0,Silent Stalker,False,0.0,0.0,0.0,2.0,0.0,0.0,1.0
terana,0,Silent Stalker,False,0.0,1.0,0.0,0.0,0.0,0.0,1.0
terror96,0,Silent Stalker,False,0.0,0.0,0.0,1.0,0.0,0.0,1.0
thc1006,0,Silent Stalker,False,0.0,0.6666666666666666,0.0,0.3333333333333333,0.0,0.0,1.0
thockin,0,Silent Stalker,False,0.0,0.0,0.0,1.8888888888888888,0.0,0.1111111111111111,1.3333333333333333
tico88612,0,Silent Stalker,False,0.0,1.0,0.0,0.0,0.0,0.0,1.0
timarmstrong,0,Silent Stalker,False,0.0,0.5,0.0,0.5,0.0,0.0,1.0
tinitiuset,0,Silent Stalker,False,0.0,1.0,0.0,0.0,0.0,0.0,1.0
tinywisdom,0,Silent Stalker,False,0.0,0.0,0.0,0.0,1.0,0.0,1.0
tirkarthi,0,Silent Stalker,False,0.0,0.4,0.0,0.6,0.2,0.0,1.2
tjb,0,Silent Stalker,False,0.0,1.0,0.0,0.0,0.0,0.0,1.0
toVersus,0,Silent Stalker,False,0.0,0.0,0.0,1.0,0.0,0.0,1.0
tomvanbussel,0,Silent Stalker,False,0.0,1.0,0.0,0.0,0.0,0.0,1.0
tosi3k,0,Silent Stalker,False,0.0,0.25,0.0,1.0,0.0,0.0,1.25
trevex,0,Silent Stalker,False,0.0,0.0,0.0,0.0,1.0,0.0,1.0
troychiu,0,Silent Stalker,False,0.0,0.0,0.0,1.0,0.0,0.0,1.0
tsj-30,0,Silent Stalker,False,0.0,0.0,0.0,2.0,0.0,0.0,2.0
tstrilka,0,Silent Stalker,False,0.0,1.0,0.0,0.0,0.0,0.0,1.0
tuanhm2911,0,Silent Stalker,False,0.0,1.0,0.0,0.0,0.0,0.0,1.0
tunsheng,0,Silent Stalker,False,0.0,1.0,0.0,0.0,0.0,0.0,1.0
turboFei,0,Silent Stalker,False,0.0,1.0,0.0,0.0,0.0,0.0,1.0
ueshin,0,Silent Stalker,False,0.2,0.2,0.0,0.6,0.0,0.0,1.0
unknowntpo,0,Silent Stalker,False,0.0,1.0,0.0,0.0,0.0,0.0,1.0
unsigned-long-int,0,Silent Stalker,False,0.0,0.0,0.0,1.0,0.0,0.0,1.0
uplsh580,0,Silent Stalker,False,0.0,0.75,0.0,0.25,0.0,0.25,1.25
upodroid,0,Silent Stalker,False,0.0,0.3333333333333333,0.0,3.0,0.0,0.0,3.0
uranusjr,0,Silent Stalker,False,0.7857142857142857,0.2857142857142857,0.0,3.857142857142857,0.0,0.0,2.7142857142857144
uros-db,0,Silent Stalker,False,0.0,0.5,0.0,1.5,0.0,0.0,1.3333333333333333
urosstan-db,0,Silent Stalker,False,0.0,0.0,0.0,1.0,0.0,0.0,1.0
utam0k,0,Silent Stalker,False,0.0,0.0,0.0,1.3333333333333333,0.0,0.0,1.0
vaefremov95,0,Silent Stalker,False,0.0,0.0,0.0,1.0,0.0,0.0,1.0
vafremov213,0,Silent Stalker,False,0.0,0.0,0.0,0.0,1.0,0.0,1.0
vatsrahul1001,0,Silent Stalker,False,0.75,0.25,0.0,1.35,0.2,0.25,2.05
vbottu,0,Silent Stalker,False,0.0,0.0,0.0,1.5,0.0,0.0,1.0
vicennial,0,Silent Stalker,False,0.0,0.0,0.0,2.0,0.0,0.0,1.0
vighneshtule,0,Silent Stalker,False,0.0,1.5,0.0,0.5,0.0,0.0,2.5
viirya,0,Silent Stalker,False,0.0,0.0,0.0,2.0,0.0,0.0,2.0
vikasbolla,0,Silent Stalker,False,0.0,0.0,0.0,1.0,0.0,0.0,1.0
vikramkoka,0,Silent Stalker,False,3.5,0.0,0.0,2.0,0.0,0.0,3.0
vincbeck,0,Silent Stalker,False,1.8421052631578947,0.2631578947368421,0.0,1.5263157894736843,0.0,0.10526315789473684,2.6315789473684212
vincentmatignon,0,Silent Stalker,False,0.0,0.0,0.0,0.0,1.0,0.0,1.0
vinodkc,0,Silent Stalker,False,0.0,0.0,0.0,1.0,0.0,0.0,1.0
vishakha1411,0,Silent Stalker,False,0.0,0.5,0.0,0.5,0.0,0.0,1.0
vladimirg-db,0,Silent Stalker,False,0.0,0.0,0.0,1.0,0.0,0.0,1.0
vshkrabkov,0,Silent Stalker,False,0.0,0.1,0.0,1.7,0.0,0.0,1.1
wathmal96,0,Silent Stalker,False,0.0,1.0,0.0,0.0,0.0,0.0,1.0
wjddn279,0,Silent Stalker,False,0.0,0.8333333333333334,0.0,0.3333333333333333,0.0,0.0,1.0
wking,0,Silent Stalker,False,0.0,0.0,0.0,1.0,0.0,0.0,1.0
wold9168,0,Silent Stalker,False,0.0,0.0,0.0,0.0,1.0,0.0,1.0
wolfdn,0,Silent Stalker,False,0.0,0.0,0.0,1.0,0.0,0.0,1.0
wukonghub,0,Silent Stalker,False,0.0,0.0,0.0,0.0,1.0,0.0,1.0
x1unix,0,Silent Stalker,False,0.0,0.5,0.0,1.5,0.0,0.0,2.0
xBis7,0,Silent Stalker,False,0.0,0.0,0.0,1.5,0.0,0.0,1.0
xigang,0,Silent Stalker,False,0.0,0.0,0.0,1.0,0.0,0.0,1.0
xmudrii,0,Silent Stalker,False,0.0,0.0,0.0,1.0,0.0,0.0,1.0
xumanbu,0,Silent Stalker,False,0.0,1.0,0.0,0.0,0.0,0.0,1.0
xunxunmimi5577,0,Silent Stalker,False,0.0,1.0,0.0,0.0,0.0,0.0,1.0
yangjunmyfm192085,0,Silent Stalker,False,0.0,0.0,0.0,1.0,0.0,0.0,1.0
yaooqinn,0,Silent Stalker,False,0.8,0.6,0.0,1.1,0.0,0.0,2.3
yasiribmcon,0,Silent Stalker,False,0.0,2.0,0.0,0.0,0.0,0.0,2.0
ybaturina,0,Silent Stalker,False,0.0,0.0,0.0,1.0,0.0,0.0,1.0
yliaog,0,Silent Stalker,False,0.0,0.0,0.0,1.6666666666666667,0.0,0.0,1.3333333333333333
ym0506,0,Silent Stalker,False,0.0,0.5,0.0,0.5,0.0,0.0,1.0
yongruilin,0,Silent Stalker,False,0.0,0.2857142857142857,0.0,1.0,0.0,0.0,1.1428571428571428
yowenter,0,Silent Stalker,False,0.0,0.0,0.0,0.0,1.0,0.0,1.0
yshngg,0,Silent Stalker,False,0.0,0.0,0.0,0.0,0.0,0.0,1.0
ytinirt,0,Silent Stalker,False,0.0,1.0,0.0,0.0,0.0,0.0,1.0
yuseok89,0,Silent Stalker,False,0.0,0.6666666666666666,0.0,0.0,0.3333333333333333,0.0,1.0
yuzhouliu9,0,Silent Stalker,False,0.0,0.0,0.0,0.0,1.0,0.0,1.0
ywwg,0,Silent Stalker,False,1.0833333333333333,0.0,0.0,1.0,0.0,0.0,1.5833333333333333
zach-overflow,0,Silent Stalker,False,0.0,0.25,0.0,1.75,0.0,0.0,2.0
zaitdanielguillen-ship-it,0,Silent Stalker,False,0.0,0.0,0.0,0.0,1.0,0.0,1.0
zenador,0,Silent Stalker,False,0.0,1.0,0.0,0.0,0.0,0.0,1.0
zeruibao,0,Silent Stalker,False,0.0,0.0,0.0,1.0,0.0,0.0,1.0
zhengruifeng,0,Silent Stalker,False,2.037037037037037,1.0,0.0,2.111111111111111,0.0,0.0,3.185185185185185
zhidongqu-db,0,Silent Stalker,False,0.0,0.0,0.0,1.0,0.0,0.0,1.0
zhifei92,0,Silent Stalker,False,0.0,1.0,0.0,0.0,0.0,0.0,1.0
zhzhuang-zju,0,Silent Stalker,False,0.0,0.0,0.0,0.0,1.0,0.0,1.0
zifeif2,0,Silent Stalker,False,0.0,0.3,0.0,1.3,0.0,0.0,1.4
zylxjtu,0,Silent Stalker,False,0.0,0.0,0.0,1.0,0.0,0.0,1.0
